<?xml version="1.0" encoding="UTF-8"?>
<!DOCTYPE arboles>
<arboles>
    <arbol>
        <nombre_comun nombre_cientifico="Acer monspessulanum">Arce de Montpellier, Arce menor</nombre_comun>
        <vegetacion>Caducifolio</vegetacion>
        <altura>De 6 a 10 metros</altura>
        <forma_y_estructura>Copa esférica. Tronco principal recto con bifurcaciones. Ramaje colgante</forma_y_estructura>
        <color_en_primavera>Haz verde brillante, envés verde blanquecinos</color_en_primavera>
        <resistencia_a_las_heladas>Heladas fuertes (hasta -15ºC)</resistencia_a_las_heladas>
        <color_en_otono></color_en_otono>
    </arbol>

    <arbol>
        <nombre_comun nombre_cientifico="Olea europea">Olivo</nombre_comun>
        <vegetacion> Perenne</vegetacion>
        <altura>De 8 a 15 metros</altura>
        <forma_y_estructura>Copa irregular. Tronco principal irregular con bifurcaciones.</forma_y_estructura>
        <color_en_primavera></color_en_primavera>
        <resistencia_a_las_heladas></resistencia_a_las_heladas>
         <color_en_otono></color_en_otono>
    </arbol>

    <arbol>
        <nombre_comun nombre_cientifico="Ramaje tortuoso"></nombre_comun>
        <vegetacion></vegetacion>
        <altura></altura>
        <forma_y_estructura></forma_y_estructura>
        <color_en_primavera>Haz verde oscuro, envés verde plateado</color_en_primavera>
        <resistencia_a_las_heladas>Heladas medias (hasta -10ºC)</resistencia_a_las_heladas>
         <color_en_otono></color_en_otono>
    </arbol>

    <arbol>
        <nombre_comun nombre_cientifico="Platanus orientalis">Platano</nombre_comun>
        <vegetacion> Caducifolio</vegetacion>
        <altura>De 20 a 25 metros</altura>
        <forma_y_estructura>Copa ovoidal. Tronco principal recto. Ramaje expandido</forma_y_estructura>
        <color_en_primavera>Haz verde medio, enves verde claro</color_en_primavera>
        <resistencia_a_las_heladas>Heladas fuertes (hasta -20ºC)</resistencia_a_las_heladas>
         <color_en_otono>Ocre</color_en_otono>
    </arbol>

    <arbol>
        <nombre_comun nombre_cientifico="Quercus ilex">Encina</nombre_comun>
        <vegetacion>Perenne</vegetacion>
        <altura>En torno a 25 metros</altura>
        <forma_y_estructura>Copa esférica o elíptica irregular. Tronco principal recto. Ramaje tortuoso</forma_y_estructura>
        <color_en_primavera>Plateado en hojas jóvenes. En hojas antiguas, haz verde oscuro, envés plateado</color_en_primavera>
        <resistencia_a_las_heladas>Heladas fuertes (hasta -15ºC)</resistencia_a_las_heladas>
         <color_en_otono></color_en_otono>
    </arbol>
        
</arboles>
